{
  "Q1.json": {
    "count": 18,
    "mean": 1.0,
    "std": 0.8401680504,
    "min": 0.0,
    "max": 2.0
  },
  "Q2.json": {
    "count": 3933,
    "mean": 1.8777015001,
    "std": 1.144913829,
    "min": 0.0,
    "max": 4.0
  },
  "Q3.json": {
    "count": 9,
    "mean": 0.3333333333,
    "std": 0.5,
    "min": 0.0,
    "max": 1.0
  },
  "Q4.json": {
    "count": 12,
    "mean": 1.0833333333,
    "std": 0.9962049199,
    "min": 0.0,
    "max": 3.0
  },
  "Q5.json": {
    "count": 16116,
    "mean": 3.7758749069,
    "std": 1.7971339296,
    "min": 0.0,
    "max": 6.0
  },
  "Q6.json": {
    "count": 22,
    "mean": 0.8636363636,
    "std": 0.7101612523,
    "min": 0.0,
    "max": 2.0
  },
  "Q7.json": {
    "count": 480,
    "mean": 8.0125,
    "std": 3.1609322506,
    "min": 0.0,
    "max": 15.0
  },
  "Q8.json": {
    "count": 38,
    "mean": 2.1315789474,
    "std": 0.7040827896,
    "min": 1.0,
    "max": 3.0
  },
  "Q9.json": {
    "count": 14,
    "mean": 1.2857142857,
    "std": 0.7262730392,
    "min": 0.0,
    "max": 2.0
  },
  "Q10.json": {
    "count": 822,
    "mean": 6.900243309,
    "std": 1.8127374308,
    "min": 0.0,
    "max": 10.0
  },
  "Q11.json": {
    "count": 78,
    "mean": 0.6666666667,
    "std": 0.4744557146,
    "min": 0.0,
    "max": 1.0
  },
  "Q12.json": {
    "count": 47,
    "mean": 2.6170212766,
    "std": 2.0700051616,
    "min": 0.0,
    "max": 7.0
  },
  "Q13.json": {
    "count": 102596,
    "mean": 6.1947736754,
    "std": 1.350062994,
    "min": 0.0,
    "max": 9.0
  },
  "Q14.json": {
    "count": 19,
    "mean": 1.6315789474,
    "std": 0.8950807733,
    "min": 0.0,
    "max": 3.0
  },
  "Q15.json": {
    "count": 21,
    "mean": 1.2857142857,
    "std": 1.0555973258,
    "min": 0.0,
    "max": 3.0
  },
  "Q16.json": {
    "count": 10,
    "mean": 0.9,
    "std": 0.8755950358,
    "min": 0.0,
    "max": 2.0
  },
  "Q17.json": {
    "count": 36,
    "mean": 1.6666666667,
    "std": 1.3522468076,
    "min": 0.0,
    "max": 4.0
  },
  "Q18.json": {
    "count": 8,
    "mean": 2.5,
    "std": 1.7728105209,
    "min": 0.0,
    "max": 5.0
  },
  "Q19.json": {
    "count": 12,
    "mean": 1.3333333333,
    "std": 1.07308674,
    "min": 0.0,
    "max": 3.0
  },
  "Q20.json": {
    "count": 12,
    "mean": 1.5,
    "std": 1.0,
    "min": 0.0,
    "max": 3.0
  },
  "Q21.json": {
    "count": 53,
    "mean": 5.9811320755,
    "std": 3.3368027421,
    "min": 0.0,
    "max": 13.0
  },
  "Q22.json": {
    "count": 9,
    "mean": 2.7777777778,
    "std": 1.3017082793,
    "min": 1.0,
    "max": 5.0
  },
  "Q23.json": {
    "count": 12,
    "mean": 1.1666666667,
    "std": 1.114640858,
    "min": 0.0,
    "max": 3.0
  },
  "Q24.json": {
    "count": 22,
    "mean": 2.0454545455,
    "std": 1.0455015988,
    "min": 0.0,
    "max": 4.0
  },
  "Q25.json": {
    "count": 44,
    "mean": 1.25,
    "std": 0.8387421368,
    "min": 0.0,
    "max": 2.0
  },
  "Q26.json": {
    "count": 4,
    "mean": 0.25,
    "std": 0.5,
    "min": 0.0,
    "max": 1.0
  },
  "Q27.json": {
    "count": 20,
    "mean": 1.0,
    "std": 0.6488856845,
    "min": 0.0,
    "max": 2.0
  },
  "Q28.json": {
    "count": 20,
    "mean": 0.8,
    "std": 1.1964860832,
    "min": 0.0,
    "max": 3.0
  },
  "Q29.json": {
    "count": 16,
    "mean": 0.75,
    "std": 0.8563488386,
    "min": 0.0,
    "max": 2.0
  },
  "Q30.json": {
    "count": 49,
    "mean": 1.7346938776,
    "std": 0.9077332162,
    "min": 0.0,
    "max": 3.0
  },
  "Q31.json": {
    "count": 48,
    "mean": 1.0416666667,
    "std": 0.8240618995,
    "min": 0.0,
    "max": 2.0
  },
  "Q32.json": {
    "count": 642,
    "mean": 0.9595015576,
    "std": 0.8715892208,
    "min": 0.0,
    "max": 2.0
  },
  "Q33.json": {
    "count": 28,
    "mean": 0.7857142857,
    "std": 0.9172076326,
    "min": 0.0,
    "max": 3.0
  },
  "Q34.json": {
    "count": 16,
    "mean": 1.25,
    "std": 0.6831300511,
    "min": 0.0,
    "max": 2.0
  },
  "Q35.json": {
    "count": 20,
    "mean": 1.65,
    "std": 1.1821033885,
    "min": 0.0,
    "max": 4.0
  },
  "Q36.json": {
    "count": 27,
    "mean": 1.5925925926,
    "std": 1.1522305879,
    "min": 0.0,
    "max": 4.0
  },
  "Q37.json": {
    "count": 18,
    "mean": 2.1666666667,
    "std": 1.200490096,
    "min": 0.0,
    "max": 4.0
  },
  "Q38.json": {
    "count": 45,
    "mean": 2.5333333333,
    "std": 1.5165750888,
    "min": 0.0,
    "max": 6.0
  },
  "Q39.json": {
    "count": 66,
    "mean": 1.3333333333,
    "std": 0.9500337376,
    "min": 0.0,
    "max": 2.0
  },
  "Q40.json": {
    "count": 20,
    "mean": 0.8,
    "std": 0.4103913408,
    "min": 0.0,
    "max": 1.0
  },
  "Q41.json": {
    "count": 44,
    "mean": 2.1136363636,
    "std": 1.2240973721,
    "min": 0.0,
    "max": 5.0
  },
  "Q42.json": {
    "count": 37,
    "mean": 2.9459459459,
    "std": 1.6490055243,
    "min": 0.0,
    "max": 6.0
  },
  "Q43.json": {
    "count": 14,
    "mean": 1.2857142857,
    "std": 1.1387288074,
    "min": 0.0,
    "max": 3.0
  },
  "Q44.json": {
    "count": 40,
    "mean": 2.5,
    "std": 1.8257418584,
    "min": 0.0,
    "max": 5.0
  },
  "Q45.json": {
    "count": 1897,
    "mean": 3.90985767,
    "std": 1.1582545571,
    "min": 0.0,
    "max": 6.0
  },
  "Q46.json": {
    "count": 91,
    "mean": 3.010989011,
    "std": 1.251616781,
    "min": 0.0,
    "max": 5.0
  },
  "Q47.json": {
    "count": 13,
    "mean": 3.1538461538,
    "std": 1.1435437498,
    "min": 1.0,
    "max": 5.0
  },
  "Q48.json": {
    "count": 228,
    "mean": 2.2850877193,
    "std": 0.7922234874,
    "min": 0.0,
    "max": 3.0
  },
  "Q49.json": {
    "count": 40,
    "mean": 1.325,
    "std": 0.9710554659,
    "min": 0.0,
    "max": 4.0
  },
  "Q50.json": {
    "count": 17,
    "mean": 1.1176470588,
    "std": 0.696630546,
    "min": 0.0,
    "max": 2.0
  }
}